[
  {
    "name": "Get Customer Details",
    "id": "com.camunda.example.Caller",
    "appliesTo": [
      "bpmn:CallActivity"
    ],
    "properties": [
      {
	  
        "label": "Called Process",
        "type": "String",
        "editable": false,
        "value": "getCustomer",		// The service (Wrapper) that needs to be called | Rajvir 
        "binding": {
          "type": "property",
          "name": "calledElement"
        }
      },
      {
        "label": "Input source variable",
        "type": "String",
        "value": "globalcustomerid",			// Input for the Wrapper | Rajvir
        "binding": {
          "type": "camunda:in",
          "target": "globalcustomerid"
        },
        "constraints": {
          "notEmpty": true
        }
      },
      {
        "label": "Output target (source variable)",
        "type": "String",
        "value": "response",			// Output for the Wrapper | Rajvir
        "binding": {
          "type": "camunda:out",
          "source": "response"
        },
        "constraints": {
          "notEmpty": true
        }
      },
      {
        "label": "Input all",
        "type": "Hidden",
        "binding": {
          "type": "camunda:in",
          "variables": "source"
        }
      },
      {
        "label": "Output all",
        "type": "Hidden",
        "binding": {
          "type": "camunda:out",
          "variables": "source"
        }
      }
    ],
    "entriesVisible": {
      "_all": true    
}
},

{
    "name": "Get Business Customer",
    "id": "com.camunda.example.CallerBus",
    "appliesTo": [
      "bpmn:CallActivity"
    ],
    "properties": [
      {
	  
        "label": "Called Process",
        "type": "String",
        "editable": false,
        "value": "returnsCustomers",		// The service (Wrapper) that needs to be called | Rajvir
        "binding": {
          "type": "property",
          "name": "calledElement"
        }
      },
     /* {
        "label": "Input source variable",
        "type": "String",
        "value": "inputJson",			// Input for the Wrapper | Rajvir
        "binding": {
          "type": "camunda:in",
          "target": "inputJson"
        },
        "constraints": {
          "notEmpty": true
        }
      },*/
      {
        "label": "Output target (source variable)",
        "type": "String",
        "value": "response",			// Output for the Wrapper | Rajvir
        "binding": {
          "type": "camunda:out",
          "source": "response"
        },
        "constraints": {
          "notEmpty": true
        }
      },
      {
        "label": "Input all",
        "type": "Hidden",
        "binding": {
          "type": "camunda:in",
          "variables": "source"
        }
      },
      {
        "label": "Output all",
        "type": "Hidden",
        "binding": {
          "type": "camunda:out",
          "variables": "source"
        }
      }
    ],
    "entriesVisible": {
      "_all": true    
}
},


{
    "name": "Mobility Equipment Service",
    "id": "com.camunda.MobilityEquipment",
    "appliesTo": [
      "bpmn:CallActivity"
    ],
    "properties": [
      {
        "label": "Called Process",
        "type": "String",
        "editable": false,
        "value": "Mobility-Equipment-Service",
        "binding": {
          "type": "property",
          "name": "calledElement"
        }
      },
	  {
        "label": "Input source variable",
        "type": "String",
        "value": "CustomerNo",
        "binding": {
          "type": "camunda:in",
          "target": "CustomerNo"
        },
        "constraints": {
          "notEmpty": true
        }
      },
	  {
        "label": "Output target (source variable)",
        "type": "String",
        "value": "CustomerNo",
        "binding": {
          "type": "camunda:out",
          "source": "CustomerNo"
        },
        "constraints": {
          "notEmpty": true
        }
      },
	  {
        "label": "Output target (source variable)",
        "type": "String",
        "value": "Output",
        "binding": {
          "type": "camunda:out",
          "source": "Output"
        },
        "constraints": {
          "notEmpty": true
        }
      },
      {
        "label": "Input all",
        "type": "Hidden",
        "binding": {
          "type": "camunda:in",
          "variables": "source"
        }
      },
      {
        "label": "Output all",
        "type": "Hidden",
        "binding": {
          "type": "camunda:out",
          "variables": "source"
        }
      }
    ],
    "entriesVisible": {
      "_all": true    
}
},
  {
    "name": "Send Mail",
    "id": "de.hofuniversity.iisys.camunda.workflows.mail.SendMailDelegate",
    "appliesTo": [
      "bpmn:ServiceTask"
    ],
    "properties": [
       {
        "label": "Java Class",
        "type": "String",
        "value": "de.hofuniversity.iisys.camunda.workflows.mail.SendMailDelegate",
        "binding": {
          "type": "property",
          "name": "camunda:class"
        }
      },
      {
        "label": "Mail Body",
        "type": "String",
        "value": "${ mailBody }",
        "binding":{
          "type": "camunda:inputParameter",
          "name": "mailBody"
        }
      },
      {
        "label": "Mail Subject",
        "type": "String",
        "value": "${ mailSubject }",
        "binding":{
          "type": "camunda:inputParameter",
          "name": "mailSubject"
        }
      },
      {
        "label": "Recipient Mail Address",
        "type": "String",
        "value": "${ recipientMail }",
        "binding":{
          "type": "camunda:inputParameter",
          "name": "recipientMail"
        }
      },
      {
        "label": "Sender Id",
        "type": "String",
        "value": "${ senderId }",
        "binding":{
          "type": "camunda:inputParameter",
          "name": "senderId"
        }
      },
      {
        "label": "Sender Mail Address",
        "type": "String",
        "value": "${ senderMail }",
        "binding":{
          "type": "camunda:inputParameter",
          "name": "senderMail"
        }
      }
    ],
    "entriesVisible": { }
  }
  

]